title,score,created_utc,url,num_comments
Weekly Earnings Thread 2/2 - 2/6,228,2026-01-30 11:21:18,https://reddit.com/r/wallstreetbets/comments/1qr9ztv/weekly_earnings_thread_22_26/,850
"What Are Your Moves Tomorrow, February 03, 2026",252,2026-02-02 15:57:33,https://reddit.com/r/wallstreetbets/comments/1qu7fyk/what_are_your_moves_tomorrow_february_03_2026/,6525
Elon Musk's SpaceX to Combine with xAI Ahead of Mega IPO,2622,2026-02-02 16:16:47,https://reddit.com/r/wallstreetbets/comments/1qu7z5y/elon_musks_spacex_to_combine_with_xai_ahead_of/,592
Palantir Q4 earnings beat Wall Street estimates on strong sales to US businesses,651,2026-02-02 16:10:37,https://reddit.com/r/wallstreetbets/comments/1qu7t4t/palantir_q4_earnings_beat_wall_street_estimates/,177
"Buy the dip on any memory stock. SNDK, MU, STX, WDC.",450,2026-02-02 17:52:58,https://reddit.com/r/wallstreetbets/comments/1quajyq/buy_the_dip_on_any_memory_stock_sndk_mu_stx_wdc/,155
Got my lofe savings on QQQ put,852,2026-02-02 13:05:03,https://reddit.com/r/wallstreetbets/comments/1qu2j6t/got_my_lofe_savings_on_qqq_put/,494
"TikTok's most popular influencer sold his company for $975m... to a sketchy Chinese ""printing"" company doing $6m in revenue: a write-up.",7224,2026-02-01 21:22:02,https://reddit.com/r/wallstreetbets/comments/1qtig67/tiktoks_most_popular_influencer_sold_his_company/,310
"Papa bear $20-$10.000 Silver puts Friday,",99,2026-02-02 19:53:55,https://reddit.com/r/wallstreetbets/comments/1qudhuj/papa_bear_2010000_silver_puts_friday/,20
Now what,203,2026-02-02 14:45:12,https://reddit.com/r/wallstreetbets/comments/1qu5f5l/now_what/,168
Bought at the top. Worst timing imaginable üò≠,76,2026-02-02 19:47:49,https://reddit.com/r/wallstreetbets/comments/1qudcu8/bought_at_the_top_worst_timing_imaginable/,24
I got caught on the mousetrap,145,2026-02-02 15:50:54,https://reddit.com/r/wallstreetbets/comments/1qu798x/i_got_caught_on_the_mousetrap/,49
Greed,23,2026-02-02 23:07:48,https://reddit.com/r/wallstreetbets/comments/1quhulu/greed/,22
"Biggest day ever on top of the best week! Nothing like feeling secure for the future - yes, I‚Äôm proud of it :)",13,2026-02-03 00:39:25,https://reddit.com/r/wallstreetbets/comments/1qujnbj/biggest_day_ever_on_top_of_the_best_week_nothing/,6
2.6k Gains on mstr puts today,79,2026-02-02 14:37:13,https://reddit.com/r/wallstreetbets/comments/1qu577a/26k_gains_on_mstr_puts_today/,5
Oracle +6% pre-market after plans $45B to $50B capital raise in 2026 to expand AI cloud,248,2026-02-02 08:03:55,https://reddit.com/r/wallstreetbets/comments/1qtuh0m/oracle_6_premarket_after_plans_45b_to_50b_capital/,132
"Daily Discussion Thread for February 02, 2026",246,2026-02-02 07:02:14,https://reddit.com/r/wallstreetbets/comments/1qtt6ym/daily_discussion_thread_for_february_02_2026/,11142
12K worth of MSFT calls as a student,818,2026-02-02 00:04:47,https://reddit.com/r/wallstreetbets/comments/1qtlxu7/12k_worth_of_msft_calls_as_a_student/,197
"Unity is the Catholic Church. Genie 3 is taking acid, developing schizophrenia, and thinking you are talking with god",93,2026-02-02 11:19:52,https://reddit.com/r/wallstreetbets/comments/1qtzidm/unity_is_the_catholic_church_genie_3_is_taking/,77
Made 24k from the cold weather,130,2026-02-02 09:36:18,https://reddit.com/r/wallstreetbets/comments/1qtwphn/made_24k_from_the_cold_weather/,21
"$162,000 double or nothing that Tesla closes below $425 on March 20th (girls FTW!)",1104,2026-02-01 21:33:27,https://reddit.com/r/wallstreetbets/comments/1qtipbu/162000_double_or_nothing_that_tesla_closes_below/,203
SOLD 660 AGQ BROUGHT AT 40$ EACH&gt; BROUGHT 3500 OXY,16,2026-02-02 20:14:24,https://reddit.com/r/wallstreetbets/comments/1qudz4a/sold_660_agq_brought_at_40_each_brought_3500_oxy/,21
SPY $69 confirmed,22,2026-02-02 18:40:32,https://reddit.com/r/wallstreetbets/comments/1qubqj4/spy_69_confirmed/,7
SMCI 2X Leverage YOLO,24,2026-02-02 17:48:44,https://reddit.com/r/wallstreetbets/comments/1quag51/smci_2x_leverage_yolo/,20
$SNAP YOLO,25,2026-02-02 14:23:51,https://reddit.com/r/wallstreetbets/comments/1qu4tg2/snap_yolo/,24
"This is what I'm holding, call me crazy.",42,2026-02-02 12:06:22,https://reddit.com/r/wallstreetbets/comments/1qu0ul1/this_is_what_im_holding_call_me_crazy/,78
Strong week for SILVER?,298,2026-02-02 00:00:29,https://reddit.com/r/wallstreetbets/comments/1qtluhq/strong_week_for_silver/,223
14K SPV puts YOLO,25,2026-02-02 13:40:20,https://reddit.com/r/wallstreetbets/comments/1qu3k4s/14k_spv_puts_yolo/,44
India gives 20-year tax holiday to foreign firms using local data centres.,2411,2026-02-01 11:34:24,https://reddit.com/r/wallstreetbets/comments/1qt35mv/india_gives_20year_tax_holiday_to_foreign_firms/,294
üåàüêª $SNDK $MU - Momentum Exhaustion,178,2026-02-01 22:53:11,https://reddit.com/r/wallstreetbets/comments/1qtkgt6/sndk_mu_momentum_exhaustion/,133
NVDA just rugged OpenAI ($100B deal DEAD). My calls are cooked. See you behind Wendy's. üêªüåà,5384,2026-02-01 02:49:02,https://reddit.com/r/wallstreetbets/comments/1qss9kt/nvda_just_rugged_openai_100b_deal_dead_my_calls/,365
"What Are Your Moves Tomorrow, February 02, 2026",328,2026-02-01 15:57:44,https://reddit.com/r/wallstreetbets/comments/1qtajzr/what_are_your_moves_tomorrow_february_02_2026/,13618
$15K Short On Bitcoin. Bitcoin To The Earth!,987,2026-02-01 08:36:47,https://reddit.com/r/wallstreetbets/comments/1qsynb5/15k_short_on_bitcoin_bitcoin_to_the_earth/,214
SMCI YOLO üöÄüöÄüöÄ,67,2026-02-01 22:50:33,https://reddit.com/r/wallstreetbets/comments/1qtketl/smci_yolo/,57
Forex's a hell of a drug,91,2026-02-01 20:23:27,https://reddit.com/r/wallstreetbets/comments/1qth4r2/forexs_a_hell_of_a_drug/,30
$5k to 719k in a month and a half. The revenge of the regard.,1922,2026-02-01 03:04:06,https://reddit.com/r/wallstreetbets/comments/1qssji6/5k_to_719k_in_a_month_and_a_half_the_revenge_of/,244
Intel Regard,96,2026-02-01 18:03:57,https://reddit.com/r/wallstreetbets/comments/1qtdu4q/intel_regard/,57
Tesla just made it clear: It's no longer a car company,7942,2026-01-31 18:42:13,https://reddit.com/r/wallstreetbets/comments/1qsi5iz/tesla_just_made_it_clear_its_no_longer_a_car/,1358
MicroStrategy is now underwater on it's Bitcoin holdings,10131,2026-01-31 16:16:30,https://reddit.com/r/wallstreetbets/comments/1qseje0/microstrategy_is_now_underwater_on_its_bitcoin/,1025
SLV puts - it finally paid out,1605,2026-02-01 00:49:02,https://reddit.com/r/wallstreetbets/comments/1qsq46v/slv_puts_it_finally_paid_out/,149
"Help me think of a title for this artwork. I‚Äôm thinking ‚ÄúBet small, lose small‚Äù or ‚ÄúPump those numbers up! Those are rookie numbers‚Äù",0,2026-02-03 00:44:35,https://reddit.com/r/wallstreetbets/comments/1qujqo8/help_me_think_of_a_title_for_this_artwork_im/,10
China‚Äôs ‚Äògold fever‚Äô sparks US$1 billion scandal as trading platform collapses,3414,2026-01-31 18:02:45,https://reddit.com/r/wallstreetbets/comments/1qsh6sp/chinas_gold_fever_sparks_us1_billion_scandal_as/,155
MSFT has underperformed the S&amp;P 500 in the past 5 years,2364,2026-01-31 19:14:58,https://reddit.com/r/wallstreetbets/comments/1qsixft/msft_has_underperformed_the_sp_500_in_the_past_5/,208
"US, UK, EU, Australia and more to meet to discuss critical minerals alliance | Mining",160,2026-02-01 09:20:42,https://reddit.com/r/wallstreetbets/comments/1qszoat/us_uk_eu_australia_and_more_to_meet_to_discuss/,29
SpaceX posts $8B profit on $15-16B revenue in 2025 with Starlink driving 50-80% of total,2328,2026-01-31 14:17:32,https://reddit.com/r/wallstreetbets/comments/1qsbfok/spacex_posts_8b_profit_on_1516b_revenue_in_2025/,509
gold trading platform of collapsing after users were unable to withdraw funds or retrieve physical gold,3631,2026-01-31 11:02:38,https://reddit.com/r/wallstreetbets/comments/1qs651t/gold_trading_platform_of_collapsing_after_users/,346
"After Blowout Earnings, Why SNDK Sandisk is the best Momentum Play right now",1059,2026-01-31 16:39:54,https://reddit.com/r/wallstreetbets/comments/1qsf4y4/after_blowout_earnings_why_sndk_sandisk_is_the/,245
Waymo Seeking About $16 Billion Near $110 Billion Valuation,1208,2026-01-31 15:50:44,https://reddit.com/r/wallstreetbets/comments/1qsdvaq/waymo_seeking_about_16_billion_near_110_billion/,252
CME hikes gold margins from 6% to 8% and silver from 11% to 15% after silver crashes 28% and gold falls 4.7%,552,2026-01-31 10:54:28,https://reddit.com/r/wallstreetbets/comments/1qs5xbo/cme_hikes_gold_margins_from_6_to_8_and_silver/,196
GlobalFoundries $GFS has 101.25% Institutional Ownerships with 11.66% of the float short.,238,2026-01-31 14:25:22,https://reddit.com/r/wallstreetbets/comments/1qsbnav/globalfoundries_gfs_has_10125_institutional/,103
Oracle May Cut 30k Jobs and Sell Cerner to Fund $156B OpenAI Deal,4872,2026-01-30 21:04:29,https://reddit.com/r/wallstreetbets/comments/1qrpe22/oracle_may_cut_30k_jobs_and_sell_cerner_to_fund/,478
